Workbook

Sheet 说明
A1: Tau-U计算用表：因变量分组（393K，DSM-5-TR诊断标准A）
A3: 用途 | B3: 每个K一行，只列因变量的两级分组：领域（K分组表F列）和类型（G列）。按“领域”或“类型”分组，干预、维持、泛化分别合成Tau-U。
A4: K范围 | B4: ="共 "&各组汇总!I24&" 个K，来自 "&TEXT(各组汇总!C25,"0")&" 篇文献"
A5: 数据 | B5: “Tau-U数据”“Tau-U填写说明”与393K调节变量表同步。2026-10-24删除031滚雪球（20K）；044二次泛化按儿童×因变量合并（删除16K）；056滚雪球改取准确率。K与DV编号保留，取点核查和变更记录见调节变量表。
A6: 领域 | B6: 依据DSM-5-TR孤独症谱系障碍诊断标准A的三项（APA，2022），去掉“缺陷”的表述作为技能领域：社交情感互惠（A1）、非言语沟通（A2，全称“用于社交互动的非言语沟通行为”）、人际关系发展（A3，全称“发展、维持和理解人际关系”）。
A7: 类型 | B7: 在各领域内由因变量归纳，共14类：社交情感互惠5类（社交发起、社交应答、会话维持、需求表达、情感分享），非言语沟通4类（交往仪态、表情与手势、情绪表达、综合沟通），人际关系发展5类（群体融入、游戏邀请、游戏互动、亲社会行为、情境适应）。每类含义与包含因变量见“类型说明”。
A8: 归类单位 | B8: 按文献中实际计分行为归类，同一因变量下的K归同一领域和类型。现76个有K因变量，来自38篇文献。DV29–DV33随031滚雪球排除，编号留空。DV15、DV48、DV53随013二次、040二次、045二次排除，编号留空，不重排；本次恢复DV21、DV75。DV83为01补充总体和数，未取K。DV29归A1社交发起，DV72归A1需求表达。
A9: 几条归类规则 | B9: 按实际计分行为的沟通功能优先归类：引起同伴注意、问候或开始互动归“社交发起”；请求物品或行动归“需求表达”，不因含口语、图卡或动作而改归综合沟通。多成分综合沟通指标按已确认口径归“综合沟通”。分享物品、帮助他人归“亲社会行为”；分享兴趣情感、安慰与观点采择归“情感分享”；同伴、手足的游戏行为归A3；陌生成人问候、游戏规则及人际问题解决归“情境适应”。
A10: 反向K | B10: 33个社会发起潜伏期K为“降低改善”（越短越好），计算时数值乘以−1或在计算器里选“降低”，详见“Tau-U填写说明”。
A11: 新增综合指标 | B11: 002-滚雪球DV84归人际关系发展—情境适应：六步骤含排队、问候、微笑、付款、致谢、取货。061-二次DV85归非言语沟通—综合沟通：口语请求拼图、合作积木、排队转换三项目标合计，未拆成分项K。 002仅保留Nick（12岁）的K564、K565。
A12: 归类修订 | B12: 2026-10-17：DV29（031滚雪球）7K改为A1社交发起，原文计入口语招呼、叫名及手势引起同伴注意；DV72（066二次）6K改为A1需求表达，原文计入口语、图卡及动作表达需要。DV与K编号、原始数组和阶段划分保留。 （DV29已于2026-10-24随031滚雪球排除。）
A13: 排除记录 | B13: 2026-10-18删除013二次12K、040二次24K；恢复018二次11K、080二次4K。450−12−24+11+4=429K，39篇：干预253、维持119、泛化57。045二次及002滚雪球Tom、Steve继续排除。保留其他K与DV编号、取点和分组。 2026-10-24按用户决定：①031滚雪球整篇排除（K200–K219共20K：干预11、维持7、泛化2；干预为视频反馈而非视频示范）；②044二次泛化K按儿童×因变量合并条件C–F（Jamie为D–F），22K并为6K，删除16K；③056滚雪球35K改取准确率（Accuracy），K数不变，并更正K473维持段。429−20−16=393K，38篇、123名儿童：干预242、维持112、泛化39。
A14: 年龄纳入标准 | B14: 保留12岁零几个月，满13岁排除。002滚雪球仅保留Nick12岁的K564、K565；Tom14岁、Steve15岁共4K不纳入。031滚雪球已于2026-10-24整篇排除。080二次仅报告六年级，沿用年级推定。当前393K、38篇。

Sheet K分组表
A1: K编号 | B1: 文献编号 | C1: 儿童 | D1: 比较类型 | E1: DSM-5-TR条目 | F1: 领域 | G1: 类型 | H1: 因变量编号 | I1: 因变量（文献内） | J1: 比较的两段（K清单）
A2: K001 | B2: 001-二次 | C2: Otto | D2: 干预 | E2: A1 | F2: 社交情感互惠 | G2: 会话维持 | H2: DV01 | I2: 会话（Conversation） | J2: Baseline vs Video-only 段
A3: K002 | B3: 001-二次 | C3: Otto | D3: 维持 | E3: A1 | F3: 社交情感互惠 | G3: 会话维持 | H3: DV01 | I3: 会话（Conversation） | J3: Baseline vs Maintenance
A4: K004 | B4: 001-二次 | C4: Otto | D4: 干预 | E4: A1 | F4: 社交情感互惠 | G4: 社交应答 | H4: DV02 | I4: 回答问题（Responding to Questions） | J4: Baseline vs Video-only 段
A5: K005 | B5: 001-二次 | C5: Lars | D5: 干预 | E5: A1 | F5: 社交情感互惠 | G5: 会话维持 | H5: DV01 | I5: 会话（Conversation） | J5: Baseline vs Video-only 段
A6: K006 | B6: 001-二次 | C6: Lars | D6: 维持 | E6: A1 | F6: 社交情感互惠 | G6: 会话维持 | H6: DV01 | I6: 会话（Conversation） | J6: Baseline vs Maintenance
A7: K008 | B7: 001-二次 | C7: Lars | D7: 干预 | E7: A1 | F7: 社交情感互惠 | G7: 社交应答 | H7: DV02 | I7: 回答问题（Responding to Questions） | J7: Baseline vs Video-only 段
A8: K009 | B8: 001-二次 | C8: Trish | D8: 干预 | E8: A1 | F8: 社交情感互惠 | G8: 会话维持 | H8: DV01 | I8: 会话（Conversation） | J8: Baseline vs Video-only 段
A9: K010 | B9: 001-二次 | C9: Trish | D9: 干预 | E9: A1 | F9: 社交情感互惠 | G9: 社交应答 | H9: DV02 | I9: 回答问题（Responding to Questions） | J9: Baseline vs Video-only 段
A10: K011 | B10: 002-二次 | C10: Taylor | D10: 干预 | E10: A2 | F10: 非言语沟通 | G10: 交往仪态 | H10: DV03 | I10: 非言语基本技能（Body Basics） | J10: Training BL vs INT
A11: K012 | B11: 002-二次 | C11: Taylor | D11: 维持 | E11: A2 | F11: 非言语沟通 | G11: 交往仪态 | H11: DV03 | I11: 非言语基本技能（Body Basics） | J11: Training BL vs MT
A12: K013 | B12: 002-二次 | C12: Taylor | D12: 泛化 | E12: A2 | F12: 非言语沟通 | G12: 交往仪态 | H12: DV03 | I12: 非言语基本技能（Body Basics） | J12: Generalization BL（干预前）vs INT 期泛化探测
... A394: K573 | B394: 061-二次 | C394: Hank | D394: 干预 | E394: A2 | F394: 非言语沟通 | G394: 综合沟通 | H394: DV85 | I394: 三项社交沟通目标合计正确率（请求拼图、合作积木、排队转换） | J394: 两个首次VM前Baseline A（会话1–10）vs连续两个Treatment B（会话11–19）；B1五点、B2四点。

Sheet 类型说明
A1: DSM-5-TR条目 | B1: 领域 | C1: 类型 | D1: 这一类指什么 | E1: 对应诊断标准A的说法 | F1: 因变量数 | G1: K数 | H1: 文献篇数 | I1: 包含的因变量
A2: A1 | B2: 社交情感互惠 | C2: 社交发起 | D2: 儿童主动接近他人、用言语或动作引起同伴注意、向同伴发起互动、主动开始交谈、问候他人或介绍自己。 | E2: A1：异常的社交接近；不能发起社交互动 | F2: =SUMPRODUCT((K分组表!$G$2:$G$394=C2)/COUNTIFS(K分组表!$H$2:$H$394,K分组表!$H$2:$H$394,K分组表!$G$2:$G$394,K分组表!$G$2:$G$394)) | G2: =COUNTIF(K分组表!$G$2:$G$394,C2) | H2: =SUMPRODUCT((K分组表!$G$2:$G$394=C2)/COUNTIFS(K分组表!$B$2:$B$394,K分组表!$B$2:$B$394,K分组表!$G$2:$G$394,K分组表!$G$2:$G$394)) | I2: DV22 026 向同伴社会发起（身体发起＋发声发起）；DV23 027 向同伴社会发起（身体发起＋发声发起）；DV24 029 向同伴自发发起游戏互动；DV56 051 向同伴社会发起（身体发起＋发声发起）；DV16 013滚 介绍自己（Introducing Self）；DV37 034 主动发起问题或评论；DV41 035 开始交谈（Conversation）；DV74 069滚 沟通发起；DV77 102滚 问候他人；DV75 080 自主问候
A3: A1 | B3: 社交情感互惠 | C3: 社交应答 | D3: 对他人的提问、请求或问候作出回应。 | E3: A1：不能回应社交互动 | F3: =SUMPRODUCT((K分组表!$G$2:$G$394=C3)/COUNTIFS(K分组表!$H$2:$H$394,K分组表!$H$2:$H$394,K分组表!$G$2:$G$394,K分组表!$G$2:$G$394)) | G3: =COUNTIF(K分组表!$G$2:$G$394,C3) | H3: =SUMPRODUCT((K分组表!$G$2:$G$394=C3)/COUNTIFS(K分组表!$B$2:$B$394,K分组表!$B$2:$B$394,K分组表!$G$2:$G$394,K分组表!$G$2:$G$394)) | I3: DV02 001 回答问题（Responding to Questions）；DV05 002 回答问题和请求（Responding to Questions and Requests）；DV42 037 回答游戏情境中的提问；DV65 056滚 回答问题（Responding to Questions）；DV13 011 回应问候（Greetings）
A4: A1 | B4: 社交情感互惠 | C4: 会话维持 | D4: 对话中的来回轮替：回答后反问、接话、就对方所说评论或提问，维持话题。 | E4: A1：不能正常地来回对话 | F4: =SUMPRODUCT((K分组表!$G$2:$G$394=C4)/COUNTIFS(K分组表!$H$2:$H$394,K分组表!$H$2:$H$394,K分组表!$G$2:$G$394,K分组表!$G$2:$G$394)) | G4: =COUNTIF(K分组表!$G$2:$G$394,C4) | H4: =SUMPRODUCT((K分组表!$G$2:$G$394=C4)/COUNTIFS(K分组表!$B$2:$B$394,K分组表!$B$2:$B$394,K分组表!$G$2:$G$394,K分组表!$G$2:$G$394)) | I4: DV01 001 会话（Conversation）；DV06 002 维持会话（Conversation Maintenance）；DV10 005 话题对话（回答并就话题提问；学校/家庭话题）；DV20 017 维持会话（Maintaining conversations）；DV26 030滚 会话（Conversation）；DV66 056滚 维持交谈（Maintaining a Conversation）；DV69 057 向对话者询问意见；DV73 069滚 相关言语句子；DV21 018 会话：回答问题并反问
A5: A1 | B5: 社交情感互惠 | C5: 需求表达 | D5: 通过口语、图卡或动作向他人表达愿望和需求，请求物品或行动，询问信息；主动或自发请求也归本类。 | E5: A1：不能发起社交互动（以表达需求、提出请求为目的） | F5: =SUMPRODUCT((K分组表!$G$2:$G$394=C5)/COUNTIFS(K分组表!$H$2:$H$394,K分组表!$H$2:$H$394,K分组表!$G$2:$G$394,K分组表!$G$2:$G$394)) | G5: =COUNTIF(K分组表!$G$2:$G$394,C5) | H5: =SUMPRODUCT((K分组表!$G$2:$G$394=C5)/COUNTIFS(K分组表!$B$2:$B$394,K分组表!$B$2:$B$394,K分组表!$G$2:$G$394,K分组表!$G$2:$G$394)) | I5: DV04 002 表达愿望和需求（Expressing Wants and Needs）；DV40 035 表达需求（Wants and Needs）；DV45 038滚 表达需求（Expressing Wants and Needs）；DV57 051滚 表达需求（Expressing Wants and Needs）；DV67 056滚 表达需求（Expressing Wants and Needs）；DV08 005 条件请求（conditional mands）；DV60 052 自发请求（无协助请求物品或行动）；DV09 005 提问（Where/Who问句）；DV72 066 主动表达需要（口语、图卡或动作）
A6: A1 | B6: 社交情感互惠 | C6: 情感分享 | D6: 就共同活动主动评论，说出自己的情绪及原因，询问他人感受、安慰他人或从对方角度回应。 | E6: A1：分享兴趣、情绪或情感减少 | F6: =SUMPRODUCT((K分组表!$G$2:$G$394=C6)/COUNTIFS(K分组表!$H$2:$H$394,K分组表!$H$2:$H$394,K分组表!$G$2:$G$394,K分组表!$G$2:$G$394)) | G6: =COUNTIF(K分组表!$G$2:$G$394,C6) | H6: =SUMPRODUCT((K分组表!$G$2:$G$394=C6)/COUNTIFS(K分组表!$B$2:$B$394,K分组表!$B$2:$B$394,K分组表!$G$2:$G$394,K分组表!$G$2:$G$394)) | I6: DV61 055 恰当言语评论；DV59 051滚 识别和表达情绪（Recognizing and Expressing Emotions）；DV12 011 社交评论（Social Commenting）；DV27 030滚 观点采择（Perspective Taking）；DV58 051滚 观点采择（Perspective Taking）
A7: A2 | B7: 非言语沟通 | C7: 交往仪态 | D7: 与人沟通时的目光接触及基本交往表现，包括身体朝向、适宜音量、面部表情和身体放松等（含Body Basics综合指标）。 | E7: A2：目光接触和身体语言异常 | F7: =SUMPRODUCT((K分组表!$G$2:$G$394=C7)/COUNTIFS(K分组表!$H$2:$H$394,K分组表!$H$2:$H$394,K分组表!$G$2:$G$394,K分组表!$G$2:$G$394)) | G7: =COUNTIF(K分组表!$G$2:$G$394,C7) | H7: =SUMPRODUCT((K分组表!$G$2:$G$394=C7)/COUNTIFS(K分组表!$B$2:$B$394,K分组表!$B$2:$B$394,K分组表!$G$2:$G$394,K分组表!$G$2:$G$394)) | I7: DV03 002 非言语基本技能（Body Basics）；DV18 013滚 非言语基本技能（Body Basics）；DV38 035 非言语基本技能（Body Basics）；DV43 038滚 非言语基本技能（Body Basics）；DV35 034 目光接触
A8: A2 | B8: 非言语沟通 | C8: 表情与手势 | D8: 微笑、恰当的面部表情和沟通手势。 | E8: A2：理解和使用手势的缺陷；缺乏面部表情 | F8: =SUMPRODUCT((K分组表!$G$2:$G$394=C8)/COUNTIFS(K分组表!$H$2:$H$394,K分组表!$H$2:$H$394,K分组表!$G$2:$G$394,K分组表!$G$2:$G$394)) | G8: =COUNTIF(K分组表!$G$2:$G$394,C8) | H8: =SUMPRODUCT((K分组表!$G$2:$G$394=C8)/COUNTIFS(K分组表!$B$2:$B$394,K分组表!$B$2:$B$394,K分组表!$G$2:$G$394,K分组表!$G$2:$G$394)) | I8: DV36 034 微笑；DV64 055 恰当面部表情；DV63 055 沟通手势
A9: A2 | B9: 非言语沟通 | C9: 情绪表达 | D9: 通过表情、手势、语调和言语表达与情境相符的情绪或情感态度，包括高兴、生气、同情、赞赏、不赞同及带有正负情感色彩的语调。 | E9: A2：面部表情和非言语交流 | F9: =SUMPRODUCT((K分组表!$G$2:$G$394=C9)/COUNTIFS(K分组表!$H$2:$H$394,K分组表!$H$2:$H$394,K分组表!$G$2:$G$394,K分组表!$G$2:$G$394)) | G9: =COUNTIF(K分组表!$G$2:$G$394,C9) | H9: =SUMPRODUCT((K分组表!$G$2:$G$394=C9)/COUNTIFS(K分组表!$B$2:$B$394,K分组表!$B$2:$B$394,K分组表!$G$2:$G$394,K分组表!$G$2:$G$394)) | I9: DV71 065 恰当社会回应（高兴/生气情境中的表情、手势、言语）；DV80 059 适宜情感反应（同情、赞赏、不赞同）；DV62 055 恰当语调（情感色彩、语气及重音）
A10: A2 | B10: 非言语沟通 | C10: 综合沟通 | D10: 多个沟通成分合在一起计分的综合社交沟通，包括口语、动作、手势、指物、递物、目光等；功能明确为表达需要的请求归A1需求表达。 | E10: A2：言语与非言语交流整合不良 | F10: =SUMPRODUCT((K分组表!$G$2:$G$394=C10)/COUNTIFS(K分组表!$H$2:$H$394,K分组表!$H$2:$H$394,K分组表!$G$2:$G$394,K分组表!$G$2:$G$394)) | G10: =COUNTIF(K分组表!$G$2:$G$394,C10) | H10: =SUMPRODUCT((K分组表!$G$2:$G$394=C10)/COUNTIFS(K分组表!$B$2:$B$394,K分组表!$B$2:$B$394,K分组表!$G$2:$G$394,K分组表!$G$2:$G$394)) | I10: DV78 110 社会脚本情境中的正确反应（言语回应＋面部表情＋身体表达）；DV81 01-补充 脚本内社交沟通（Scripted social communication）；DV82 01-补充 脚本外社交沟通（Unscripted social communication）；DV79 068 社交沟通目标行为总得分（回应他人＋主动表达，口语＋动作）；DV85 061 三项社交沟通目标合计正确率（请求拼图、合作积木、排队转换；按确认口径归类）
A11: A3 | B11: 人际关系发展 | C11: 群体融入 | D11: 加入同伴正在进行的活动，参与小组活动，课间与同伴互动而不是独处。 | E11: A3：对同伴缺乏兴趣；难以交朋友 | F11: =SUMPRODUCT((K分组表!$G$2:$G$394=C11)/COUNTIFS(K分组表!$H$2:$H$394,K分组表!$H$2:$H$394,K分组表!$G$2:$G$394,K分组表!$G$2:$G$394)) | G11: =COUNTIF(K分组表!$G$2:$G$394,C11) | H11: =SUMPRODUCT((K分组表!$G$2:$G$394=C11)/COUNTIFS(K分组表!$B$2:$B$394,K分组表!$B$2:$B$394,K分组表!$G$2:$G$394,K分组表!$G$2:$G$394)) | I11: DV17 013滚 参与（Participate）；DV19 017 加入（Joining in）；DV25 030滚 参与（Participation）；DV34 032 课间社交参与（与同伴直接互动或参加有组织活动）；DV39 035 参与（Participate）；DV44 038滚 参与（Participate）；DV68 056滚 参与（Participate）
A12: A3 | B12: 人际关系发展 | C12: 游戏邀请 | D12: 主动邀请同伴一起玩、带对方参与活动，被拒后继续邀请。 | E12: A3：难以分享游戏 | F12: =SUMPRODUCT((K分组表!$G$2:$G$394=C12)/COUNTIFS(K分组表!$H$2:$H$394,K分组表!$H$2:$H$394,K分组表!$G$2:$G$394,K分组表!$G$2:$G$394)) | G12: =COUNTIF(K分组表!$G$2:$G$394,C12) | H12: =SUMPRODUCT((K分组表!$G$2:$G$394=C12)/COUNTIFS(K分组表!$B$2:$B$394,K分组表!$B$2:$B$394,K分组表!$G$2:$G$394,K分组表!$G$2:$G$394)) | I12: DV07 004 被拒后坚持向同伴发起游戏邀请；DV46 039 社会发起（带对方参与活动）潜伏期；DV49 043 社会发起（带对方去玩）潜伏期；DV51 044 社会发起（带对方去玩）潜伏期
A13: A3 | B13: 人际关系发展 | C13: 游戏互动 | D13: 游戏开始后与同伴或手足你来我往地一起玩，以及游戏中对玩伴说出的邀请、称赞、评论、收尾等话语。 | E13: A3：难以分享游戏 | F13: =SUMPRODUCT((K分组表!$G$2:$G$394=C13)/COUNTIFS(K分组表!$H$2:$H$394,K分组表!$H$2:$H$394,K分组表!$G$2:$G$394,K分组表!$G$2:$G$394)) | G13: =COUNTIF(K分组表!$G$2:$G$394,C13) | H13: =SUMPRODUCT((K分组表!$G$2:$G$394=C13)/COUNTIFS(K分组表!$B$2:$B$394,K分组表!$B$2:$B$394,K分组表!$G$2:$G$394,K分组表!$G$2:$G$394)) | I13: DV47 039 互惠游戏总时长；DV50 043 互惠游戏平均时长；DV52 044 互惠游戏总时长；DV54 048 脚本游戏评论（正确率）；DV55 048 脚本与非脚本游戏评论（次数）
... A15: A3 | B15: 人际关系发展 | C15: 情境适应 | D15: 按社交情境调整行为：对陌生成人恰当问候，按规则完成游戏轮次，在人际问题中冷静提出并执行解决办法。 | E15: A3：难以调整行为以适应各种社交情境 | F15: =SUMPRODUCT((K分组表!$G$2:$G$394=C15)/COUNTIFS(K分组表!$H$2:$H$394,K分组表!$H$2:$H$394,K分组表!$G$2:$G$394,K分组表!$G$2:$G$394)) | G15: =COUNTIF(K分组表!$G$2:$G$394,C15) | H15: =SUMPRODUCT((K分组表!$G$2:$G$394=C15)/COUNTIFS(K分组表!$B$2:$B$394,K分组表!$B$2:$B$394,K分组表!$G$2:$G$394,K分组表!$G$2:$G$394)) | I15: DV70 057 恰当问候陌生成人；DV11 005 互动纸牌游戏（完成一轮并说出是否配对；Old Maid/Go Fish）；DV28 030滚 问题解决（Problem Solving）；DV84 002滚 购物结账社会及购买技能独立完成步骤总数（6步，含付款、取货）

Sheet Tau-U数据
A1: K编号 | B1: 文献编号 | C1: 儿童 | D1: 比较类型 | E1: 比较的两段（K清单） | F1: 前段数值（按会话顺序） | G1: 前段点数 | H1: 后段数值（按会话顺序） | I1: 后段点数 | J1: 改善方向 | K1: 基线趋势τ | L1: 基线趋势p | M1: 是否校正 | N1: 图位置（图号／PDF页／面板／符号）
A2: K001 | B2: 001-二次 | C2: Otto | D2: 干预 | E2: Baseline vs Video-only 段 | F2: 0, 0, 40, 20, 0, 0, 0, 0 | G2: =IF(F2="","",LEN(F2)-LEN(SUBSTITUTE(F2,",",""))+1) | H2: 25, 25, 0, 0, 25 | I2: =IF(H2="","",LEN(H2)-LEN(SUBSTITUTE(H2,",",""))+1) | J2: 升高改善 | K2: -0.262 | L2: 0.411 | M2: =IF(OR(K2="",L2=""),"",IF(AND(L2<0.05,OR(AND(J2="升高改善",K2>0),AND(J2="降低改善",K2<0))),"校正","不校正")) | N2: Figure 1，PDF第7页/印刷101页，上面板；符号见原图图例
A3: K002 | B3: 001-二次 | C3: Otto | D3: 维持 | E3: Baseline vs Maintenance | F3: 0, 0, 40, 20, 0, 0, 0, 0 | G3: =IF(F3="","",LEN(F3)-LEN(SUBSTITUTE(F3,",",""))+1) | H3: 75, 0, 25, 25 | I3: =IF(H3="","",LEN(H3)-LEN(SUBSTITUTE(H3,",",""))+1) | J3: 升高改善 | K3: -0.262 | L3: 0.411 | M3: =IF(OR(K3="",L3=""),"",IF(AND(L3<0.05,OR(AND(J3="升高改善",K3>0),AND(J3="降低改善",K3<0))),"校正","不校正")) | N3: Figure 1，PDF第7页/印刷101页，上面板；符号见原图图例
A4: K004 | B4: 001-二次 | C4: Otto | D4: 干预 | E4: Baseline vs Video-only 段 | F4: 50, 50, 50, 75, 25, 25, 50, 25, 25, 50, 25, 25 | G4: =IF(F4="","",LEN(F4)-LEN(SUBSTITUTE(F4,",",""))+1) | H4: 25, 50, 25, 75, 25 | I4: =IF(H4="","",LEN(H4)-LEN(SUBSTITUTE(H4,",",""))+1) | J4: 升高改善 | K4: -0.442 | L4: 0.076 | M4: =IF(OR(K4="",L4=""),"",IF(AND(L4<0.05,OR(AND(J4="升高改善",K4>0),AND(J4="降低改善",K4<0))),"校正","不校正")) | N4: Figure 1，PDF第7页/印刷101页，下面板；符号见原图图例
A5: K005 | B5: 001-二次 | C5: Lars | D5: 干预 | E5: Baseline vs Video-only 段 | F5: 0, 0, 0, 0, 0, 0, 0, 50, 0 | G5: =IF(F5="","",LEN(F5)-LEN(SUBSTITUTE(F5,",",""))+1) | H5: 100, 25, 0, 0, 0 | I5: =IF(H5="","",LEN(H5)-LEN(SUBSTITUTE(H5,",",""))+1) | J5: 升高改善 | K5: 0.354 | L5: 0.245 | M5: =IF(OR(K5="",L5=""),"",IF(AND(L5<0.05,OR(AND(J5="升高改善",K5>0),AND(J5="降低改善",K5<0))),"校正","不校正")) | N5: Figure 2，PDF第8页/印刷102页，上面板；符号见原图图例
A6: K006 | B6: 001-二次 | C6: Lars | D6: 维持 | E6: Baseline vs Maintenance | F6: 0, 0, 0, 0, 0, 0, 0, 50, 0 | G6: =IF(F6="","",LEN(F6)-LEN(SUBSTITUTE(F6,",",""))+1) | H6: 75, 50, 50, 0 | I6: =IF(H6="","",LEN(H6)-LEN(SUBSTITUTE(H6,",",""))+1) | J6: 升高改善 | K6: 0.354 | L6: 0.245 | M6: =IF(OR(K6="",L6=""),"",IF(AND(L6<0.05,OR(AND(J6="升高改善",K6>0),AND(J6="降低改善",K6<0))),"校正","不校正")) | N6: Figure 2，PDF第8页/印刷102页，上面板；符号见原图图例
A7: K008 | B7: 001-二次 | C7: Lars | D7: 干预 | E7: Baseline vs Video-only 段 | F7: 25, 25, 25, 50, 0, 0, 0, 0, 25, 0, 25, 0 | G7: =IF(F7="","",LEN(F7)-LEN(SUBSTITUTE(F7,",",""))+1) | H7: 0, 25, 25, 25, 0 | I7: =IF(H7="","",LEN(H7)-LEN(SUBSTITUTE(H7,",",""))+1) | J7: 升高改善 | K7: -0.327 | L7: 0.189 | M7: =IF(OR(K7="",L7=""),"",IF(AND(L7<0.05,OR(AND(J7="升高改善",K7>0),AND(J7="降低改善",K7<0))),"校正","不校正")) | N7: Figure 2，PDF第8页/印刷102页，下面板；符号见原图图例
A8: K009 | B8: 001-二次 | C8: Trish | D8: 干预 | E8: Baseline vs Video-only 段 | F8: 0, 100, 25, 0, 0, 25, 0, 20 | G8: =IF(F8="","",LEN(F8)-LEN(SUBSTITUTE(F8,",",""))+1) | H8: 25, 100, 25, 75, 75 | I8: =IF(H8="","",LEN(H8)-LEN(SUBSTITUTE(H8,",",""))+1) | J8: 升高改善 | K8: -0.124 | L8: 0.688 | M8: =IF(OR(K8="",L8=""),"",IF(AND(L8<0.05,OR(AND(J8="升高改善",K8>0),AND(J8="降低改善",K8<0))),"校正","不校正")) | N8: Figure 3，PDF第9页/印刷103页，上面板；符号见原图图例
A9: K010 | B9: 001-二次 | C9: Trish | D9: 干预 | E9: Baseline vs Video-only 段 | F9: 100, 0, 0, 0, 0, 25, 75, 0, 25, 25, 50, 25 | G9: =IF(F9="","",LEN(F9)-LEN(SUBSTITUTE(F9,",",""))+1) | H9: 50, 50, 25, 25, 50 | I9: =IF(H9="","",LEN(H9)-LEN(SUBSTITUTE(H9,",",""))+1) | J9: 升高改善 | K9: 0.244 | L9: 0.306 | M9: =IF(OR(K9="",L9=""),"",IF(AND(L9<0.05,OR(AND(J9="升高改善",K9>0),AND(J9="降低改善",K9<0))),"校正","不校正")) | N9: Figure 3，PDF第9页/印刷103页，下面板；符号见原图图例
A10: K011 | B10: 002-二次 | C10: Taylor | D10: 干预 | E10: Training BL vs INT | F10: 60, 60, 60 | G10: =IF(F10="","",LEN(F10)-LEN(SUBSTITUTE(F10,",",""))+1) | H10: 100, 100, 100 | I10: =IF(H10="","",LEN(H10)-LEN(SUBSTITUTE(H10,",",""))+1) | J10: 升高改善 | K10: 0 | L10: 1 | M10: =IF(OR(K10="",L10=""),"",IF(AND(L10<0.05,OR(AND(J10="升高改善",K10>0),AND(J10="降低改善",K10<0))),"校正","不校正")) | N10: Figure 2，PDF第5页，第1面板（从上到下），Training实心圆系列
A11: K012 | B11: 002-二次 | C11: Taylor | D11: 维持 | E11: Training BL vs MT | F11: 60, 60, 60 | G11: =IF(F11="","",LEN(F11)-LEN(SUBSTITUTE(F11,",",""))+1) | H11: 100, 100, 100, 100 | I11: =IF(H11="","",LEN(H11)-LEN(SUBSTITUTE(H11,",",""))+1) | J11: 升高改善 | K11: 0 | L11: 1 | M11: =IF(OR(K11="",L11=""),"",IF(AND(L11<0.05,OR(AND(J11="升高改善",K11>0),AND(J11="降低改善",K11<0))),"校正","不校正")) | N11: Figure 2，PDF第5页，第1面板（从上到下），Training实心圆系列
A12: K013 | B12: 002-二次 | C12: Taylor | D12: 泛化 | E12: Generalization BL（干预前）vs INT 期泛化探测 | F12: 80, 80, 80 | G12: =IF(F12="","",LEN(F12)-LEN(SUBSTITUTE(F12,",",""))+1) | H12: 100, 100, 100 | I12: =IF(H12="","",LEN(H12)-LEN(SUBSTITUTE(H12,",",""))+1) | J12: 升高改善 | K12: 0 | L12: 1 | M12: =IF(OR(K12="",L12=""),"",IF(AND(L12<0.05,OR(AND(J12="升高改善",K12>0),AND(J12="降低改善",K12<0))),"校正","不校正")) | N12: Figure 2，PDF第5页，第1面板（从上到下），Generalization空心倒三角系列
A13: K014 | B13: 002-二次 | C13: Taylor | D13: 干预 | E13: Training BL vs INT | F13: 66, 33, 17, 33, 33, 33 | G13: =IF(F13="","",LEN(F13)-LEN(SUBSTITUTE(F13,",",""))+1) | H13: 100, 83, 100, 100, 100 | I13: =IF(H13="","",LEN(H13)-LEN(SUBSTITUTE(H13,",",""))+1) | J13: 升高改善 | K13: -0.258 | L13: 0.499 | M13: =IF(OR(K13="",L13=""),"",IF(AND(L13<0.05,OR(AND(J13="升高改善",K13>0),AND(J13="降低改善",K13<0))),"校正","不校正")) | N13: Figure 2，PDF第5页，第2面板（从上到下），Training实心圆系列
... A394: K573 | B394: 061-二次 | C394: Hank | D394: 干预 | E394: 两个首次VM前Baseline A（会话1–10）vs连续两个Treatment B（会话11–19）；B1五点、B2四点。 | F394: 33.33, 0, 0, 33.33, 33.33, 33.33, 33.33, 0, 0, 33.33 | G394: =IF(F394="","",LEN(F394)-LEN(SUBSTITUTE(F394,",",""))+1) | H394: 66.67, 100, 66.67, 66.67, 66.67, 66.67, 66.67, 100, 100 | I394: =IF(H394="","",LEN(H394)-LEN(SUBSTITUTE(H394,",",""))+1) | J394: 升高改善 | K394: 0 | L394: 1 | M394: =IF(OR(K394="",L394=""),"",IF(AND(L394<0.05,OR(AND(J394="升高改善",K394>0),AND(J394="降低改善",K394<0))),"校正","不校正")) | N394: Figure 2，PDF第14页/印刷527页，第2面板（Hank），实心圆；两个首次VM前Baseline A（会话1–10）vs连续两个Treatment B（会话11–19）；B1五点、B2四点。

Sheet Tau-U填写说明
A1: Tau-U数据填写说明
A3: 用途 | B3: “Tau-U数据”表每个K一行，填算Tau-U要用的三样：前后两段的数值、改善方向、基线趋势校正判断。本表不算Tau-U本身。
A4: 已填范围 | B4: 001-二次、002-二次原有30个K保持原样；GPT另补263个。详见“取点核查记录”。 2026-10-17新增002-滚雪球、061-二次共14K（K560–K573）：干预11、泛化3；逐点数据、基线趋势及图页定位已补齐。 本次按年龄排除Tom、Steve共4K（K560–K563）后，补充部分现保留10K（K564–K573）：干预9、泛化1。 2026-10-18同步为429K：删除013二次、040二次，恢复018二次、080二次。 2026-10-24同步为393K：删除031滚雪球20K；044二次泛化合并（删除16K）；056滚雪球35K改取Accuracy，前后段数值与基线趋势τ、p已重算。
A5: 前段、后段数值 | B5: 前段、后段按本表“比较的两段”和原文阶段定义确定。旧清单只用于K对应文献、参与者、指标、图页和面板的定位；不采用旧点数或旧数值。原文有疑点则整条暂不补入并记录。
B6: 按横轴会话顺序从左到右写，英文逗号加空格分隔，如“0, 0, 40, 20”。
B7: 同一高度的点记同一个值，不同高度的点保持可区分。百分比一般取整；若不同水平取整后会合并，则多保留一位。不将标记形状造成的微小坐标偏差当作真实差异。
B8: 同一会话训练点和泛化点重叠时，被盖住的点也要取。矢量图可从PDF坐标算出精确值（001、002都是这样取的）。
B9: 维持K的前段与对应干预K的前段完全相同。
B10: “前段点数”“后段点数”是公式，按逗号自动计数，不用手填。
A11: 改善方向 | B11: 依指标定义和原文填写“升高改善”或“降低改善”；潜伏期越短越好，适当行为频率、正确率、时长或多样性按原文目标核定。
A12: 反向K（降低改善） | B12: 共33个（2026-10-24合并044泛化后由41个减为33个），都是社会发起潜伏期（从得到机会到主动发起互动的秒数，越短越好）。已在“Tau-U数据”表填好“降低改善”，整行标橙色。
B13: 039-二次（18个）：J. 干预K285、K287、K289，维持K286、K288、K290；P. 干预K293、K295、K297，维持K294、K296、K298；S. 干预K301、K303、K305，维持K302、K304、K306。
B14: 043-二次（6个）：Daniel K341（干预）、K342（维持）；Christopher K345（干预）、K346（维持）；Andrew K349（干预）、K350（维持）。
B15: 044-二次（9个）：Kirsty K353（干预）、K354（维持）、泛化K355（条件C–F合并）；Niko K365（干预）、K366（维持）、泛化K367（条件C–F合并）；Jamie K377（干预）、K378（维持）、泛化K380（条件D–F合并）。2026-10-24前为17个，K356–K358、K368–K370、K381、K382已并入。
B16: 其中40个在469K表“改善方向”列已标降低改善；K380是后来新增的，不在469K表里，见“新增K取点”说明（降低改善，先乘-1）。 （历史说明，现以“Tau-U数据”表为准。）
B17: 同文献里的互惠游戏时长（如039的K291、K292，043的K343、K344，044的B2相互游戏总时长）是越长越好，不是反向，不要翻转。
B18: 这33个K：基线趋势τ为负且p＜.05才算与改善方向一致、需要校正（“是否校正”公式已按此判断）；正式算Tau-U时，把数值都乘以−1，或在计算器里选“降低”，效应量才是正的。
A19: 基线趋势τ、p | B19: 用前段数值与会话序号1,2,…,n计算Kendall τ-b及双侧p，算法口径参照scipy.stats.kendalltau默认auto。新增值存完整精度、仅显示三位小数，“是否校正”按完整值判断。原有001、002保持不动。
B20: 前段数值全部相同时，τ记0，p记1。
A21: 是否校正 | B21: 公式自动判断，不用手填：p＜.05，且趋势方向与改善方向一致（升高改善时τ＞0，降低改善时τ＜0）→“校正”；其余→“不校正”。
B22: 依据：Fingerhut、Xu和Moeyaert（2021）的Tau-U选择流程图，先检验每个个案的基线趋势是否显著且与预期干预效果同向，是则校正；显著性水平.05参照Tarlow（2017）。
B23: 示例：K019 基线τ＝−0.788，p＝.032，显著但为下降，与改善方向相反，不校正。001、002的30个K都不需要校正。
B24: 需要校正的K统一采用Parker等（2011）的“A vs B − Trend A”，对应singlecaseresearch.org同名结果，不用Tarlow（2017）的基线校正Tau。若超出±1照实报告并说明局限；标准误按计算器输出。正式计算前挑2–3个K核对网页。本表仅判断是否校正，尚未计算Tau-U或校正后的效应量。
A25: 与K清单点数不同 | B25: 以本表为准：K004 前段12（清单11）；K014 后段5（清单4）；K016 前段4（清单3）；K019 前段6（清单5）；K020 前段11（清单8）；K021 前段9（清单4）；K027 前段5（清单4）；K032 前段8（清单7）。K004、K020是清单漏数基线点，K014漏数干预点；其余5个是被训练点盖住的泛化前测点。
A26: 数值核对 | B26: 002：按本表数值算出的NAP与原文Table 2对照，22个K中21个一致；K028按图为0.91，原文为0.93，以图为准。
B27: 001：与正文报告的均值、范围对照，大多一致；K004后段均值按图40%、正文55%，K009后段按图60%、正文65%，K005前段范围按图0–50%、正文0–25%，均以图为准。
A28: 参考文献 | B28: Fingerhut, J., Xu, X., & Moeyaert, M. (2021). Selecting the proper Tau-U measure for single-case experimental designs: Development and application of a decision flowchart. Evidence-Based Communication Assessment and Intervention, 15(3), 99–114. https://doi.org/10.1080/17489539.2021.1937851
B29: Tarlow, K. R. (2017). An improved rank correlation effect size statistic for single-case designs: Baseline corrected Tau. Behavior Modification, 41(4), 427–467. https://doi.org/10.1177/0145445516676750
A30: 本次检验核验 | B30: 新增基线统计按默认auto算法同口径实现；与既有30条保存的三位小数结果逐条一致。算法参考：https://docs.scipy.org/doc/scipy/reference/generated/scipy.stats.kendalltau.html
A31: 图位置 | B31: “Tau-U数据”N列给出图号／PDF页／面板／符号定位；原始PDF文件路径见“取点核查记录”。未完成核查或原文缺失会注明。
A32: Claude补入的判断（需用户留意） | B32: 026、027：图中与阶段均值相等的非整数点判定为作者画的均值标记，已剔除；027各儿童按表3三阶段均值与PND划分阶段（Helen的虚线比实际晚约3次）。
B33: 039：SI-Table、SI-Rags按已定规则从首次出现在录像中起算干预，此前为基线；GPT已填的J.、P.、S.相关9个K据此修正（浅紫色）。
B34: 040：BSL|VM虚线与场次标记对不齐，前段取第一个非零点之前的全部0，后段从第一个非零点起；有口头提示的K截止到B箭头所指点之前。
B35: 其余：正文与图不一致处（均值、范围、基线次数、提示引入场次）一律按规则8以图为准，具体写在各K的核查记录里。
A36: 002滚雪球、061取点口径 | B36: 002取Figure 1完整6步骤总分，泛化沿用原训练店基线，不另计维持。061取三目标总分：6名Later Gators首次A1–B1各5点；Kade/Hank首次VM前10点对图示9个干预点。061百分比序列保留2位小数（1/3=33.33%，2/3=66.67%），保持大小顺序和并列关系；第二轮、C及不足3点的M/G不另取K。
A37: 2026-10-24修订 | B37: 056滚雪球：改取Figure 1–5右轴Accuracy空心方形（任务分析步骤正确百分比），不再取左轴Variability（不重复正确反应连续计数）。前段BL，干预K后段为紧接BL的第一个干预条件，维持K后段为最后一条阶段线后的Maintenance；从PDF矢量坐标读取，按各技能步数（回答问题4步、维持交谈5步、表达需求6步、参与5步）对齐到合法百分比；8个不在网格上的点（K441、K457、K458、K459、K466）按图保留。K473原后段误抄K472干预段，已更正。
B38: 044二次：条件C–F依次换玩具、不看视频，按达标规则顺序推进、共用同一基线，同属跨玩具泛化；每名儿童每个因变量只取1个泛化K，后段按条件顺序拼接（Jamie条件C未取，为D–F）。
B39: 031滚雪球整篇排除（视频反馈，非视频示范）。039二次复核：SI-Table、SI-Rags已按规则取段，干预段开头的300秒来自首次视频3未达标及其后回到视频1的会话，未改。

Sheet 各组汇总
A1: 各组K数与篇数（公式按“K分组表”实时计算）
A2: “篇”为该组在该效果类型下的不同文献数。
A4: 层级 | B4: 组 | C4: 干预 K | D4: 干预 篇 | E4: 维持 K | F4: 维持 篇 | G4: 泛化 K | H4: 泛化 篇 | I4: K合计
A5: 领域（A1） | B5: 社交情感互惠 | C5: =COUNTIFS(K分组表!$F$2:$F$394,$B5,K分组表!$D$2:$D$394,"干预") | D5: =SUMPRODUCT((K分组表!$F$2:$F$394=$B5)*(K分组表!$D$2:$D$394="干预")/COUNTIFS(K分组表!$B$2:$B$394,K分组表!$B$2:$B$394,K分组表!$F$2:$F$394,K分组表!$F$2:$F$394,K分组表!$D$2:$D$394,K分组表!$D$2:$D$394)) | E5: =COUNTIFS(K分组表!$F$2:$F$394,$B5,K分组表!$D$2:$D$394,"维持") | F5: =SUMPRODUCT((K分组表!$F$2:$F$394=$B5)*(K分组表!$D$2:$D$394="维持")/COUNTIFS(K分组表!$B$2:$B$394,K分组表!$B$2:$B$394,K分组表!$F$2:$F$394,K分组表!$F$2:$F$394,K分组表!$D$2:$D$394,K分组表!$D$2:$D$394)) | G5: =COUNTIFS(K分组表!$F$2:$F$394,$B5,K分组表!$D$2:$D$394,"泛化") | H5: =SUMPRODUCT((K分组表!$F$2:$F$394=$B5)*(K分组表!$D$2:$D$394="泛化")/COUNTIFS(K分组表!$B$2:$B$394,K分组表!$B$2:$B$394,K分组表!$F$2:$F$394,K分组表!$F$2:$F$394,K分组表!$D$2:$D$394,K分组表!$D$2:$D$394)) | I5: =COUNTIF(K分组表!$F$2:$F$394,$B5)
A6: 领域（A2） | B6: 非言语沟通 | C6: =COUNTIFS(K分组表!$F$2:$F$394,$B6,K分组表!$D$2:$D$394,"干预") | D6: =SUMPRODUCT((K分组表!$F$2:$F$394=$B6)*(K分组表!$D$2:$D$394="干预")/COUNTIFS(K分组表!$B$2:$B$394,K分组表!$B$2:$B$394,K分组表!$F$2:$F$394,K分组表!$F$2:$F$394,K分组表!$D$2:$D$394,K分组表!$D$2:$D$394)) | E6: =COUNTIFS(K分组表!$F$2:$F$394,$B6,K分组表!$D$2:$D$394,"维持") | F6: =SUMPRODUCT((K分组表!$F$2:$F$394=$B6)*(K分组表!$D$2:$D$394="维持")/COUNTIFS(K分组表!$B$2:$B$394,K分组表!$B$2:$B$394,K分组表!$F$2:$F$394,K分组表!$F$2:$F$394,K分组表!$D$2:$D$394,K分组表!$D$2:$D$394)) | G6: =COUNTIFS(K分组表!$F$2:$F$394,$B6,K分组表!$D$2:$D$394,"泛化") | H6: =SUMPRODUCT((K分组表!$F$2:$F$394=$B6)*(K分组表!$D$2:$D$394="泛化")/COUNTIFS(K分组表!$B$2:$B$394,K分组表!$B$2:$B$394,K分组表!$F$2:$F$394,K分组表!$F$2:$F$394,K分组表!$D$2:$D$394,K分组表!$D$2:$D$394)) | I6: =COUNTIF(K分组表!$F$2:$F$394,$B6)
A7: 领域（A3） | B7: 人际关系发展 | C7: =COUNTIFS(K分组表!$F$2:$F$394,$B7,K分组表!$D$2:$D$394,"干预") | D7: =SUMPRODUCT((K分组表!$F$2:$F$394=$B7)*(K分组表!$D$2:$D$394="干预")/COUNTIFS(K分组表!$B$2:$B$394,K分组表!$B$2:$B$394,K分组表!$F$2:$F$394,K分组表!$F$2:$F$394,K分组表!$D$2:$D$394,K分组表!$D$2:$D$394)) | E7: =COUNTIFS(K分组表!$F$2:$F$394,$B7,K分组表!$D$2:$D$394,"维持") | F7: =SUMPRODUCT((K分组表!$F$2:$F$394=$B7)*(K分组表!$D$2:$D$394="维持")/COUNTIFS(K分组表!$B$2:$B$394,K分组表!$B$2:$B$394,K分组表!$F$2:$F$394,K分组表!$F$2:$F$394,K分组表!$D$2:$D$394,K分组表!$D$2:$D$394)) | G7: =COUNTIFS(K分组表!$F$2:$F$394,$B7,K分组表!$D$2:$D$394,"泛化") | H7: =SUMPRODUCT((K分组表!$F$2:$F$394=$B7)*(K分组表!$D$2:$D$394="泛化")/COUNTIFS(K分组表!$B$2:$B$394,K分组表!$B$2:$B$394,K分组表!$F$2:$F$394,K分组表!$F$2:$F$394,K分组表!$D$2:$D$394,K分组表!$D$2:$D$394)) | I7: =COUNTIF(K分组表!$F$2:$F$394,$B7)
A9: 类型（社交情感互惠） | B9: 社交发起 | C9: =COUNTIFS(K分组表!$G$2:$G$394,$B9,K分组表!$D$2:$D$394,"干预") | D9: =SUMPRODUCT((K分组表!$G$2:$G$394=$B9)*(K分组表!$D$2:$D$394="干预")/COUNTIFS(K分组表!$B$2:$B$394,K分组表!$B$2:$B$394,K分组表!$G$2:$G$394,K分组表!$G$2:$G$394,K分组表!$D$2:$D$394,K分组表!$D$2:$D$394)) | E9: =COUNTIFS(K分组表!$G$2:$G$394,$B9,K分组表!$D$2:$D$394,"维持") | F9: =SUMPRODUCT((K分组表!$G$2:$G$394=$B9)*(K分组表!$D$2:$D$394="维持")/COUNTIFS(K分组表!$B$2:$B$394,K分组表!$B$2:$B$394,K分组表!$G$2:$G$394,K分组表!$G$2:$G$394,K分组表!$D$2:$D$394,K分组表!$D$2:$D$394)) | G9: =COUNTIFS(K分组表!$G$2:$G$394,$B9,K分组表!$D$2:$D$394,"泛化") | H9: =SUMPRODUCT((K分组表!$G$2:$G$394=$B9)*(K分组表!$D$2:$D$394="泛化")/COUNTIFS(K分组表!$B$2:$B$394,K分组表!$B$2:$B$394,K分组表!$G$2:$G$394,K分组表!$G$2:$G$394,K分组表!$D$2:$D$394,K分组表!$D$2:$D$394)) | I9: =COUNTIF(K分组表!$G$2:$G$394,$B9)
A10: 类型（社交情感互惠） | B10: 社交应答 | C10: =COUNTIFS(K分组表!$G$2:$G$394,$B10,K分组表!$D$2:$D$394,"干预") | D10: =SUMPRODUCT((K分组表!$G$2:$G$394=$B10)*(K分组表!$D$2:$D$394="干预")/COUNTIFS(K分组表!$B$2:$B$394,K分组表!$B$2:$B$394,K分组表!$G$2:$G$394,K分组表!$G$2:$G$394,K分组表!$D$2:$D$394,K分组表!$D$2:$D$394)) | E10: =COUNTIFS(K分组表!$G$2:$G$394,$B10,K分组表!$D$2:$D$394,"维持") | F10: =SUMPRODUCT((K分组表!$G$2:$G$394=$B10)*(K分组表!$D$2:$D$394="维持")/COUNTIFS(K分组表!$B$2:$B$394,K分组表!$B$2:$B$394,K分组表!$G$2:$G$394,K分组表!$G$2:$G$394,K分组表!$D$2:$D$394,K分组表!$D$2:$D$394)) | G10: =COUNTIFS(K分组表!$G$2:$G$394,$B10,K分组表!$D$2:$D$394,"泛化") | H10: =SUMPRODUCT((K分组表!$G$2:$G$394=$B10)*(K分组表!$D$2:$D$394="泛化")/COUNTIFS(K分组表!$B$2:$B$394,K分组表!$B$2:$B$394,K分组表!$G$2:$G$394,K分组表!$G$2:$G$394,K分组表!$D$2:$D$394,K分组表!$D$2:$D$394)) | I10: =COUNTIF(K分组表!$G$2:$G$394,$B10)
A11: 类型（社交情感互惠） | B11: 会话维持 | C11: =COUNTIFS(K分组表!$G$2:$G$394,$B11,K分组表!$D$2:$D$394,"干预") | D11: =SUMPRODUCT((K分组表!$G$2:$G$394=$B11)*(K分组表!$D$2:$D$394="干预")/COUNTIFS(K分组表!$B$2:$B$394,K分组表!$B$2:$B$394,K分组表!$G$2:$G$394,K分组表!$G$2:$G$394,K分组表!$D$2:$D$394,K分组表!$D$2:$D$394)) | E11: =COUNTIFS(K分组表!$G$2:$G$394,$B11,K分组表!$D$2:$D$394,"维持") | F11: =SUMPRODUCT((K分组表!$G$2:$G$394=$B11)*(K分组表!$D$2:$D$394="维持")/COUNTIFS(K分组表!$B$2:$B$394,K分组表!$B$2:$B$394,K分组表!$G$2:$G$394,K分组表!$G$2:$G$394,K分组表!$D$2:$D$394,K分组表!$D$2:$D$394)) | G11: =COUNTIFS(K分组表!$G$2:$G$394,$B11,K分组表!$D$2:$D$394,"泛化") | H11: =SUMPRODUCT((K分组表!$G$2:$G$394=$B11)*(K分组表!$D$2:$D$394="泛化")/COUNTIFS(K分组表!$B$2:$B$394,K分组表!$B$2:$B$394,K分组表!$G$2:$G$394,K分组表!$G$2:$G$394,K分组表!$D$2:$D$394,K分组表!$D$2:$D$394)) | I11: =COUNTIF(K分组表!$G$2:$G$394,$B11)
A12: 类型（社交情感互惠） | B12: 需求表达 | C12: =COUNTIFS(K分组表!$G$2:$G$394,$B12,K分组表!$D$2:$D$394,"干预") | D12: =SUMPRODUCT((K分组表!$G$2:$G$394=$B12)*(K分组表!$D$2:$D$394="干预")/COUNTIFS(K分组表!$B$2:$B$394,K分组表!$B$2:$B$394,K分组表!$G$2:$G$394,K分组表!$G$2:$G$394,K分组表!$D$2:$D$394,K分组表!$D$2:$D$394)) | E12: =COUNTIFS(K分组表!$G$2:$G$394,$B12,K分组表!$D$2:$D$394,"维持") | F12: =SUMPRODUCT((K分组表!$G$2:$G$394=$B12)*(K分组表!$D$2:$D$394="维持")/COUNTIFS(K分组表!$B$2:$B$394,K分组表!$B$2:$B$394,K分组表!$G$2:$G$394,K分组表!$G$2:$G$394,K分组表!$D$2:$D$394,K分组表!$D$2:$D$394)) | G12: =COUNTIFS(K分组表!$G$2:$G$394,$B12,K分组表!$D$2:$D$394,"泛化") | H12: =SUMPRODUCT((K分组表!$G$2:$G$394=$B12)*(K分组表!$D$2:$D$394="泛化")/COUNTIFS(K分组表!$B$2:$B$394,K分组表!$B$2:$B$394,K分组表!$G$2:$G$394,K分组表!$G$2:$G$394,K分组表!$D$2:$D$394,K分组表!$D$2:$D$394)) | I12: =COUNTIF(K分组表!$G$2:$G$394,$B12)
A13: 类型（社交情感互惠） | B13: 情感分享 | C13: =COUNTIFS(K分组表!$G$2:$G$394,$B13,K分组表!$D$2:$D$394,"干预") | D13: =SUMPRODUCT((K分组表!$G$2:$G$394=$B13)*(K分组表!$D$2:$D$394="干预")/COUNTIFS(K分组表!$B$2:$B$394,K分组表!$B$2:$B$394,K分组表!$G$2:$G$394,K分组表!$G$2:$G$394,K分组表!$D$2:$D$394,K分组表!$D$2:$D$394)) | E13: =COUNTIFS(K分组表!$G$2:$G$394,$B13,K分组表!$D$2:$D$394,"维持") | F13: =SUMPRODUCT((K分组表!$G$2:$G$394=$B13)*(K分组表!$D$2:$D$394="维持")/COUNTIFS(K分组表!$B$2:$B$394,K分组表!$B$2:$B$394,K分组表!$G$2:$G$394,K分组表!$G$2:$G$394,K分组表!$D$2:$D$394,K分组表!$D$2:$D$394)) | G13: =COUNTIFS(K分组表!$G$2:$G$394,$B13,K分组表!$D$2:$D$394,"泛化") | H13: =SUMPRODUCT((K分组表!$G$2:$G$394=$B13)*(K分组表!$D$2:$D$394="泛化")/COUNTIFS(K分组表!$B$2:$B$394,K分组表!$B$2:$B$394,K分组表!$G$2:$G$394,K分组表!$G$2:$G$394,K分组表!$D$2:$D$394,K分组表!$D$2:$D$394)) | I13: =COUNTIF(K分组表!$G$2:$G$394,$B13)
A14: 类型（非言语沟通） | B14: 交往仪态 | C14: =COUNTIFS(K分组表!$G$2:$G$394,$B14,K分组表!$D$2:$D$394,"干预") | D14: =SUMPRODUCT((K分组表!$G$2:$G$394=$B14)*(K分组表!$D$2:$D$394="干预")/COUNTIFS(K分组表!$B$2:$B$394,K分组表!$B$2:$B$394,K分组表!$G$2:$G$394,K分组表!$G$2:$G$394,K分组表!$D$2:$D$394,K分组表!$D$2:$D$394)) | E14: =COUNTIFS(K分组表!$G$2:$G$394,$B14,K分组表!$D$2:$D$394,"维持") | F14: =SUMPRODUCT((K分组表!$G$2:$G$394=$B14)*(K分组表!$D$2:$D$394="维持")/COUNTIFS(K分组表!$B$2:$B$394,K分组表!$B$2:$B$394,K分组表!$G$2:$G$394,K分组表!$G$2:$G$394,K分组表!$D$2:$D$394,K分组表!$D$2:$D$394)) | G14: =COUNTIFS(K分组表!$G$2:$G$394,$B14,K分组表!$D$2:$D$394,"泛化") | H14: =SUMPRODUCT((K分组表!$G$2:$G$394=$B14)*(K分组表!$D$2:$D$394="泛化")/COUNTIFS(K分组表!$B$2:$B$394,K分组表!$B$2:$B$394,K分组表!$G$2:$G$394,K分组表!$G$2:$G$394,K分组表!$D$2:$D$394,K分组表!$D$2:$D$394)) | I14: =COUNTIF(K分组表!$G$2:$G$394,$B14)
A15: 类型（非言语沟通） | B15: 表情与手势 | C15: =COUNTIFS(K分组表!$G$2:$G$394,$B15,K分组表!$D$2:$D$394,"干预") | D15: =SUMPRODUCT((K分组表!$G$2:$G$394=$B15)*(K分组表!$D$2:$D$394="干预")/COUNTIFS(K分组表!$B$2:$B$394,K分组表!$B$2:$B$394,K分组表!$G$2:$G$394,K分组表!$G$2:$G$394,K分组表!$D$2:$D$394,K分组表!$D$2:$D$394)) | E15: =COUNTIFS(K分组表!$G$2:$G$394,$B15,K分组表!$D$2:$D$394,"维持") | F15: =SUMPRODUCT((K分组表!$G$2:$G$394=$B15)*(K分组表!$D$2:$D$394="维持")/COUNTIFS(K分组表!$B$2:$B$394,K分组表!$B$2:$B$394,K分组表!$G$2:$G$394,K分组表!$G$2:$G$394,K分组表!$D$2:$D$394,K分组表!$D$2:$D$394)) | G15: =COUNTIFS(K分组表!$G$2:$G$394,$B15,K分组表!$D$2:$D$394,"泛化") | H15: =SUMPRODUCT((K分组表!$G$2:$G$394=$B15)*(K分组表!$D$2:$D$394="泛化")/COUNTIFS(K分组表!$B$2:$B$394,K分组表!$B$2:$B$394,K分组表!$G$2:$G$394,K分组表!$G$2:$G$394,K分组表!$D$2:$D$394,K分组表!$D$2:$D$394)) | I15: =COUNTIF(K分组表!$G$2:$G$394,$B15)
A16: 类型（非言语沟通） | B16: 情绪表达 | C16: =COUNTIFS(K分组表!$G$2:$G$394,$B16,K分组表!$D$2:$D$394,"干预") | D16: =SUMPRODUCT((K分组表!$G$2:$G$394=$B16)*(K分组表!$D$2:$D$394="干预")/COUNTIFS(K分组表!$B$2:$B$394,K分组表!$B$2:$B$394,K分组表!$G$2:$G$394,K分组表!$G$2:$G$394,K分组表!$D$2:$D$394,K分组表!$D$2:$D$394)) | E16: =COUNTIFS(K分组表!$G$2:$G$394,$B16,K分组表!$D$2:$D$394,"维持") | F16: =SUMPRODUCT((K分组表!$G$2:$G$394=$B16)*(K分组表!$D$2:$D$394="维持")/COUNTIFS(K分组表!$B$2:$B$394,K分组表!$B$2:$B$394,K分组表!$G$2:$G$394,K分组表!$G$2:$G$394,K分组表!$D$2:$D$394,K分组表!$D$2:$D$394)) | G16: =COUNTIFS(K分组表!$G$2:$G$394,$B16,K分组表!$D$2:$D$394,"泛化") | H16: =SUMPRODUCT((K分组表!$G$2:$G$394=$B16)*(K分组表!$D$2:$D$394="泛化")/COUNTIFS(K分组表!$B$2:$B$394,K分组表!$B$2:$B$394,K分组表!$G$2:$G$394,K分组表!$G$2:$G$394,K分组表!$D$2:$D$394,K分组表!$D$2:$D$394)) | I16: =COUNTIF(K分组表!$G$2:$G$394,$B16)
A17: 类型（非言语沟通） | B17: 综合沟通 | C17: =COUNTIFS(K分组表!$G$2:$G$394,$B17,K分组表!$D$2:$D$394,"干预") | D17: =SUMPRODUCT((K分组表!$G$2:$G$394=$B17)*(K分组表!$D$2:$D$394="干预")/COUNTIFS(K分组表!$B$2:$B$394,K分组表!$B$2:$B$394,K分组表!$G$2:$G$394,K分组表!$G$2:$G$394,K分组表!$D$2:$D$394,K分组表!$D$2:$D$394)) | E17: =COUNTIFS(K分组表!$G$2:$G$394,$B17,K分组表!$D$2:$D$394,"维持") | F17: =SUMPRODUCT((K分组表!$G$2:$G$394=$B17)*(K分组表!$D$2:$D$394="维持")/COUNTIFS(K分组表!$B$2:$B$394,K分组表!$B$2:$B$394,K分组表!$G$2:$G$394,K分组表!$G$2:$G$394,K分组表!$D$2:$D$394,K分组表!$D$2:$D$394)) | G17: =COUNTIFS(K分组表!$G$2:$G$394,$B17,K分组表!$D$2:$D$394,"泛化") | H17: =SUMPRODUCT((K分组表!$G$2:$G$394=$B17)*(K分组表!$D$2:$D$394="泛化")/COUNTIFS(K分组表!$B$2:$B$394,K分组表!$B$2:$B$394,K分组表!$G$2:$G$394,K分组表!$G$2:$G$394,K分组表!$D$2:$D$394,K分组表!$D$2:$D$394)) | I17: =COUNTIF(K分组表!$G$2:$G$394,$B17)
A18: 类型（人际关系发展） | B18: 群体融入 | C18: =COUNTIFS(K分组表!$G$2:$G$394,$B18,K分组表!$D$2:$D$394,"干预") | D18: =SUMPRODUCT((K分组表!$G$2:$G$394=$B18)*(K分组表!$D$2:$D$394="干预")/COUNTIFS(K分组表!$B$2:$B$394,K分组表!$B$2:$B$394,K分组表!$G$2:$G$394,K分组表!$G$2:$G$394,K分组表!$D$2:$D$394,K分组表!$D$2:$D$394)) | E18: =COUNTIFS(K分组表!$G$2:$G$394,$B18,K分组表!$D$2:$D$394,"维持") | F18: =SUMPRODUCT((K分组表!$G$2:$G$394=$B18)*(K分组表!$D$2:$D$394="维持")/COUNTIFS(K分组表!$B$2:$B$394,K分组表!$B$2:$B$394,K分组表!$G$2:$G$394,K分组表!$G$2:$G$394,K分组表!$D$2:$D$394,K分组表!$D$2:$D$394)) | G18: =COUNTIFS(K分组表!$G$2:$G$394,$B18,K分组表!$D$2:$D$394,"泛化") | H18: =SUMPRODUCT((K分组表!$G$2:$G$394=$B18)*(K分组表!$D$2:$D$394="泛化")/COUNTIFS(K分组表!$B$2:$B$394,K分组表!$B$2:$B$394,K分组表!$G$2:$G$394,K分组表!$G$2:$G$394,K分组表!$D$2:$D$394,K分组表!$D$2:$D$394)) | I18: =COUNTIF(K分组表!$G$2:$G$394,$B18)
A19: 类型（人际关系发展） | B19: 游戏邀请 | C19: =COUNTIFS(K分组表!$G$2:$G$394,$B19,K分组表!$D$2:$D$394,"干预") | D19: =SUMPRODUCT((K分组表!$G$2:$G$394=$B19)*(K分组表!$D$2:$D$394="干预")/COUNTIFS(K分组表!$B$2:$B$394,K分组表!$B$2:$B$394,K分组表!$G$2:$G$394,K分组表!$G$2:$G$394,K分组表!$D$2:$D$394,K分组表!$D$2:$D$394)) | E19: =COUNTIFS(K分组表!$G$2:$G$394,$B19,K分组表!$D$2:$D$394,"维持") | F19: =SUMPRODUCT((K分组表!$G$2:$G$394=$B19)*(K分组表!$D$2:$D$394="维持")/COUNTIFS(K分组表!$B$2:$B$394,K分组表!$B$2:$B$394,K分组表!$G$2:$G$394,K分组表!$G$2:$G$394,K分组表!$D$2:$D$394,K分组表!$D$2:$D$394)) | G19: =COUNTIFS(K分组表!$G$2:$G$394,$B19,K分组表!$D$2:$D$394,"泛化") | H19: =SUMPRODUCT((K分组表!$G$2:$G$394=$B19)*(K分组表!$D$2:$D$394="泛化")/COUNTIFS(K分组表!$B$2:$B$394,K分组表!$B$2:$B$394,K分组表!$G$2:$G$394,K分组表!$G$2:$G$394,K分组表!$D$2:$D$394,K分组表!$D$2:$D$394)) | I19: =COUNTIF(K分组表!$G$2:$G$394,$B19)
A20: 类型（人际关系发展） | B20: 游戏互动 | C20: =COUNTIFS(K分组表!$G$2:$G$394,$B20,K分组表!$D$2:$D$394,"干预") | D20: =SUMPRODUCT((K分组表!$G$2:$G$394=$B20)*(K分组表!$D$2:$D$394="干预")/COUNTIFS(K分组表!$B$2:$B$394,K分组表!$B$2:$B$394,K分组表!$G$2:$G$394,K分组表!$G$2:$G$394,K分组表!$D$2:$D$394,K分组表!$D$2:$D$394)) | E20: =COUNTIFS(K分组表!$G$2:$G$394,$B20,K分组表!$D$2:$D$394,"维持") | F20: =SUMPRODUCT((K分组表!$G$2:$G$394=$B20)*(K分组表!$D$2:$D$394="维持")/COUNTIFS(K分组表!$B$2:$B$394,K分组表!$B$2:$B$394,K分组表!$G$2:$G$394,K分组表!$G$2:$G$394,K分组表!$D$2:$D$394,K分组表!$D$2:$D$394)) | G20: =COUNTIFS(K分组表!$G$2:$G$394,$B20,K分组表!$D$2:$D$394,"泛化") | H20: =SUMPRODUCT((K分组表!$G$2:$G$394=$B20)*(K分组表!$D$2:$D$394="泛化")/COUNTIFS(K分组表!$B$2:$B$394,K分组表!$B$2:$B$394,K分组表!$G$2:$G$394,K分组表!$G$2:$G$394,K分组表!$D$2:$D$394,K分组表!$D$2:$D$394)) | I20: =COUNTIF(K分组表!$G$2:$G$394,$B20)
... A22: 类型（人际关系发展） | B22: 情境适应 | C22: =COUNTIFS(K分组表!$G$2:$G$394,$B22,K分组表!$D$2:$D$394,"干预") | D22: =SUMPRODUCT((K分组表!$G$2:$G$394=$B22)*(K分组表!$D$2:$D$394="干预")/COUNTIFS(K分组表!$B$2:$B$394,K分组表!$B$2:$B$394,K分组表!$G$2:$G$394,K分组表!$G$2:$G$394,K分组表!$D$2:$D$394,K分组表!$D$2:$D$394)) | E22: =COUNTIFS(K分组表!$G$2:$G$394,$B22,K分组表!$D$2:$D$394,"维持") | F22: =SUMPRODUCT((K分组表!$G$2:$G$394=$B22)*(K分组表!$D$2:$D$394="维持")/COUNTIFS(K分组表!$B$2:$B$394,K分组表!$B$2:$B$394,K分组表!$G$2:$G$394,K分组表!$G$2:$G$394,K分组表!$D$2:$D$394,K分组表!$D$2:$D$394)) | G22: =COUNTIFS(K分组表!$G$2:$G$394,$B22,K分组表!$D$2:$D$394,"泛化") | H22: =SUMPRODUCT((K分组表!$G$2:$G$394=$B22)*(K分组表!$D$2:$D$394="泛化")/COUNTIFS(K分组表!$B$2:$B$394,K分组表!$B$2:$B$394,K分组表!$G$2:$G$394,K分组表!$G$2:$G$394,K分组表!$D$2:$D$394,K分组表!$D$2:$D$394)) | I22: =COUNTIF(K分组表!$G$2:$G$394,$B22)
A24: 合计（全部K） | C24: =COUNTIFS(K分组表!$D$2:$D$394,"干预") | D24: =SUMPRODUCT((K分组表!$D$2:$D$394="干预")/COUNTIFS(K分组表!$B$2:$B$394,K分组表!$B$2:$B$394,K分组表!$D$2:$D$394,K分组表!$D$2:$D$394)) | E24: =COUNTIFS(K分组表!$D$2:$D$394,"维持") | F24: =SUMPRODUCT((K分组表!$D$2:$D$394="维持")/COUNTIFS(K分组表!$B$2:$B$394,K分组表!$B$2:$B$394,K分组表!$D$2:$D$394,K分组表!$D$2:$D$394)) | G24: =COUNTIFS(K分组表!$D$2:$D$394,"泛化") | H24: =SUMPRODUCT((K分组表!$D$2:$D$394="泛化")/COUNTIFS(K分组表!$B$2:$B$394,K分组表!$B$2:$B$394,K分组表!$D$2:$D$394,K分组表!$D$2:$D$394)) | I24: =COUNTA(K分组表!$A$2:$A$394)
A25: 文献总数 | C25: =SUMPRODUCT(1/COUNTIF(K分组表!$B$2:$B$394,K分组表!$B$2:$B$394))
